local_base	6d37ad1c112a3dd9b178be5966cb3b25fc786bb9	upstream_base	a5a61806e434ef22141b622db989087fbba8ed21	upstream_head	1d507dad90812cd0873b151aac60ad7bff5127b6
commit	kind	subject	historical_disposition	historical_notes	historical_validation	review_status	current_evidence	gaps
ac566d06f5dcbd7c570fbd54faecf5f3c4fd1c75	commit	Predict laser doors without antiping	merged-local	Recover map-configured door length, rebuild overlapping door collision after snapshot cleanup, and gate doors on tile prediction without changing weapon prediction behavior.	Local commit 3f6d2b1e4; game-client build and 2901/2901 C++ tests pass; map smoke pending	unverified		旧标签仅供定位；需对照当前源码及官方diff
9d8a20bd0d468c5ba7eb22a1ab1b64998f9a0bb8	commit	Bound predicted door length to the map	merged-local	Reject zero or map-unbounded snapshot door lengths before the per-snapshot collision walk; preserve configured map door lengths.	Local commit 3f6d2b1e4; game-client build and 2901/2901 C++ tests pass; map smoke pending	unverified		旧标签仅供定位；需对照当前源码及官方diff
860f6aa2b8adb69615daef4350b7e14e7ae14e8a	commit	Add strict, unified error handling for all tiles layers to `IMap`	covered-equivalent	Functionally covered by local commits f6d96033c and 6426052f1, with QmClient-specific ownership preserved.	Source audit	unverified		旧标签仅供定位；需对照当前源码及官方diff
6258cceaaaaa341b5e4e06cfc080edd1878f9235	commit	Fix out-of-bounds accesses and map loading regressions of tiles layers	covered-equivalent	Functionally covered by local commit 6426052f1; no direct cherry-pick.	Source audit	unverified		旧标签仅供定位；需对照当前源码及官方diff
548fac1d002cef922227e4d7aaf32dabec458e4b	commit	cmake: Add some security-related build flags	covered-equivalent	Local CMake security flags are already present in the current build configuration; no direct cherry-pick.	Source audit	confirmed-gap	推翻旧covered-equivalent：当前CMake仅stack-protector-strong与FORTIFY_SOURCE=2；缺stack-clash/cf/branch保护、RELRO、FORTIFY3与PIE探测及目标属性	需适配Linux/Apple平台条件及验证；当前并行Apple构建调整，未修改CMake
bc396d820d569b25c544113d91a67f6e2c7a3298	commit	Convert credits to a client popup, update list of common contributors	adapted-local	QmClient Contributor deck now includes the upstream DDNet contributor list and staff/releases links, preserving server `/credits` compatibility instead of adopting the standalone page.	Local commit b305b29cf; full C++ tests 2905/2905 pass; desktop/narrow runtime smoke pending	unverified		旧标签仅供定位；需对照当前源码及官方diff
02843442cc68344f977264436305c5e29c997c45	commit	Update translations from ddnet-translations	deferred-policy	Defer until source features stabilize; refresh through QmClient i18n workflow rather than copying generated language files.	Translation batch pending	unverified		旧标签仅供定位；需对照当前源码及官方diff
76b9797d9a1cf2c0772fb169b6b40fe90ef83b2f	commit	Run scripts/languages/update_all.py	deferred-policy	Generated-output workflow; defer until source features stabilize.	Translation batch pending	unverified		旧标签仅供定位；需对照当前源码及官方diff
47a37ea0d880ed0db47428878a649c79b52e83b5	commit	Drop invalid hungarian translation	deferred-policy	Apply only during the controlled i18n refresh; do not edit generated files independently.	Translation batch pending	unverified		旧标签仅供定位；需对照当前源码及官方diff
68a888ddd95010d32c819693f41dcacdb79eece5	merge	Convert credits to a client popup, update list of common contributors (#12566)	covered-by-bc396d820	Merge wrapper; use the QmClient Contributors adaptation rather than the upstream standalone page.	No separate cherry-pick	unverified		旧标签仅供定位；需对照当前源码及官方diff
0ae2a0cd0dc3dc57032978a852c3b7d992c8a50f	commit	Rename `NET_MAX_PAYLOAD` to disentangle its uses	deferred-protocol-batch	Naming change spans payload limits and protocol semantics; defer with the atomic compatibility batch.	P4 protocol batch pending	unverified		旧标签仅供定位；需对照当前源码及官方diff
ea69065a075a1b38008dd9bcd7be9237e79c2bbf	merge	Update translations for upcoming 20.0 (#12570)	deferred-policy	Merge wrapper inherits the controlled i18n refresh policy; do not copy generated language files independently.	Translation batch pending	unverified		旧标签仅供定位；需对照当前源码及官方diff
2a5c920f97e441ecae601fb3533bf2752cfa5ba7	merge	Rename `NET_MAX_PAYLOAD` to disentangle its uses (#12569)	deferred-protocol-batch	Merge wrapper inherits the atomic payload compatibility batch.	P4 protocol batch pending	unverified		旧标签仅供定位；需对照当前源码及官方diff
9b0aaeb3356e147b66bb5bdb16171570eb729f20	merge	cmake: Add some security-related build flags (#12565)	covered-by-548fac1d0	Merge wrapper; local build flags are already present.	No separate cherry-pick	confirmed-gap	已验证父链及merge相对第一父提交的stable patch-id与548fac1d0一致；继承该条源码复核：推翻旧covered-equivalent：当前CMake仅stack-protector-strong与FORTIFY_SOURCE=2；缺stack-clash/cf/branch保护、RELRO、FORTIFY3与PIE探测及目标属性	需适配Linux/Apple平台条件及验证；当前并行Apple构建调整，未修改CMake
10a899f577cf8a191ebd219b78fc8b4434784154	commit	build: Fix clang spam on unsupported flag	covered-equivalent	Local f82a38287 contains the same unsupported-flag handling.	Source audit	verified-code-equivalent	CMakeLists.txt检测unused-command-line-argument并在C/C++探测函数设置CMAKE_REQUIRED_FLAGS，覆盖完整diff	当前Windows使用MSVC；Clang配置未执行
822466e6615810c600b56d3830bec0be5a358004	commit	Bump dev version to 20.1	deferred-policy	Do not raise QmClient version during this sync; requires a dedicated release/version plan.	Version plan pending	unverified		旧标签仅供定位；需对照当前源码及官方diff
dc754939632b442a8e69eb976b37e54ce5546f4a	commit	Scale conn_timeout with the integration test timeout multiplier	adapted-local	Scaled `conn_timeout` and passed it to both client and server while preserving the local timeout multiplier of 20.	Python compile; Linux Valgrind integration pending	verified-adapted-code	integration_test.py按timeout_multiplier计算并封顶conn_timeout=1000，同时传给客户端/服务端；保留本地Valgrind乘数20	Linux Valgrind集成未执行；本地20与官方25是保留差异
4d766c2b7626f807f1702a723a458907279e2b02	merge	Scale conn_timeout with the integration test timeout multiplier (#12579)	covered-by-dc7549396	Merge wrapper covered by adapted candidate.	No separate cherry-pick	verified-wrapper	已验证父链及merge相对第一父提交的stable patch-id与dc7549396一致；继承该条源码复核：integration_test.py按timeout_multiplier计算并封顶conn_timeout=1000，同时传给客户端/服务端；保留本地Valgrind乘数20	Linux Valgrind集成未执行；本地20与官方25是保留差异
98e9121b618c0a80c373b29791932d3cede69761	merge	Bump dev version to 20.1 (#12578)	covered-by-822466e	Merge wrapper; version bump intentionally deferred.	No separate cherry-pick	unverified		旧标签仅供定位；需对照当前源码及官方diff
b68c684a2d6ec2076b71f2d2b54c96847185548e	commit	serverbrowser: reset prepared sqlite statement	adapted-local	Reset prepared sqlite load statement before stepping; local source now matches upstream behavior.	game-client; C++ 2924/2924; dedicated SQLite reload test pending	verified-code-equivalent	serverbrowser_ping_cache.cpp:Load在sqlite3_step前reset已准备语句；空语句由短路保护	源码核对通过；专门的重复Load运行测试未执行
b0e1a030f67e2b1be51dee72f18509dbf75417da	commit	client: Don't crash when demo is starting during quit	covered-equivalent	Local 4b1cadef1 contains the equivalent quit/demo guard.	Source audit	verified-code-equivalent	client.cpp:DemoRecorder_HandleAutoStart入口要求STATE_ONLINE，覆盖退出时自动录制启动路径	源码核对通过；退出并发场景未做运行验证
b0ea56484265249367fad828d7c5afe6fef24ba9	commit	Make spectate menu more legible	covered-equivalent	Local b19f3de8b contains the adapted spectate menu readability fix.	Source audit	unverified		旧标签仅供定位；需对照当前源码及官方diff
596c89b70a929cbafdaaa11557d27890d7a2444b	merge	client: Don't crash when demo is starting during quit (#12587)	covered-by-b0e1a030f	Merge wrapper covered by local demo quit guard.	No separate cherry-pick	verified-wrapper	已验证父链及merge相对第一父提交的stable patch-id与b0e1a030f一致；继承该条源码复核：client.cpp:DemoRecorder_HandleAutoStart入口要求STATE_ONLINE，覆盖退出时自动录制启动路径	源码核对通过；退出并发场景未做运行验证
c965b34c4633ac35a87363e471f37aa97150aa18	commit	server: Use a bitset for the team start time check	covered-equivalent	Local c2f463533 applies std::bitset<NUM_DDRACE_TEAMS>; preserves QmClient 128-player team indexing and avoids undefined shifts.	Source audit	verified-code-equivalent	teams.cpp使用bitset<NUM_DDRACE_TEAMS>，set/reset/none/test完整覆盖官方diff；本地NUM_DDRACE_TEAMS=MAX_CLIENTS+1=129	源码核对通过；未额外修改玩法或验证满员服务器
92c171c8348d3970e892ff954d27d8478352da56	merge	Make spectate menu more legible (#12588)	covered-by-b0ea5648	Merge wrapper covered by local spectate menu fix.	No separate cherry-pick	unverified		旧标签仅供定位；需对照当前源码及官方diff
10e5321d97ebf46720e1788e2f438a6913465ec0	merge	serverbrowser: reset prepared sqlite statement (#12584)	covered-by-b68c684a2	Merge wrapper covered by adapted candidate.	No separate cherry-pick	verified-wrapper	已验证父链及merge相对第一父提交的stable patch-id与b68c684a2一致；继承该条源码复核：serverbrowser_ping_cache.cpp:Load在sqlite3_step前reset已准备语句；空语句由短路保护	源码核对通过；专门的重复Load运行测试未执行
e3f2c21d80b7fb82fb08ca629730a5eaa6114a60	merge	Fix undefined shift in the team start time check (#12590)	covered-by-c965b34c4	Merge wrapper covered by local bitset adaptation.	No separate cherry-pick	verified-wrapper	已验证父链及merge相对第一父提交的stable patch-id与c965b34c4一致；继承该条源码复核：teams.cpp使用bitset<NUM_DDRACE_TEAMS>，set/reset/none/test完整覆盖官方diff；本地NUM_DDRACE_TEAMS=MAX_CLIENTS+1=129	源码核对通过；未额外修改玩法或验证满员服务器
5f6a85cce7aaa5702fb57955acb14f19714e96e4	commit	sv_vote_majority: Fix explanation	covered-equivalent	Local 5e022ee92 carries the corrected sv_vote_majority description.	Source audit	unverified		旧标签仅供定位；需对照当前源码及官方diff
a219dc98c735855b8cbb0f880b832782ed57ce79	commit	Fix 20.1 version number...	covered-by-822466e	Version correction belongs to the deferred release plan.	No separate cherry-pick	unverified		旧标签仅供定位；需对照当前源码及官方diff
29b069d3ed3a3d63ab7f962ca4f8525c3f3f7833	merge	build: Fix clang spam on unsupported flag (#12577)	covered-equivalent	QmClient already routes warning flags through add_*_compiler_flag_if_supported; merge wrapper has no missing behavior.	Source audit	unverified		旧标签仅供定位；需对照当前源码及官方diff
49ec20d3c2780f1edb2c912dfa6a5f0e47d773b6	merge	sv_vote_majority: Fix explanation (#12592)	covered-by-5f6a85cce	Merge wrapper covered by local config description fix.	No separate cherry-pick	unverified		旧标签仅供定位；需对照当前源码及官方diff
677e4f7f32128704a3e430f9a1aeadad7a4cbbcf	commit	server: Only build team masks when a sound event fired	covered-equivalent	Current HEAD `54ec87f53` already limits team-mask construction to sound events while preserving 128-player behavior.	Source history and current-source audit	unverified		旧标签仅供定位；需对照当前源码及官方diff
b7a65b684eee6ee2b5a1034f27b165f98eb223c8	merge	Fix 20.1 version number... (#12594)	covered-by-822466e	Merge wrapper; version correction remains deferred with the release plan.	No separate cherry-pick	unverified		旧标签仅供定位；需对照当前源码及官方diff
36cdfb1726e6e405e8a2372d84187f0b4ea29b0d	commit	client: Fix mouse not being focussed on macOS	covered-equivalent	Local input focus handling already contains the equivalent fix.	Source audit	unverified		旧标签仅供定位；需对照当前源码及官方diff
80699e9f37a5b651fbd59b5939437e94ebbf2540	merge	client: Fix mouse not being focussed on macOS (#12593)	covered-by-36cdfb172	Merge wrapper covered by local macOS focus handling.	No separate cherry-pick	unverified		旧标签仅供定位；需对照当前源码及官方diff
eaa09b526d593321efd2fca997a285d76ed5342c	merge	Add strict, unified error handling for all tiles layers to `IMap` (#11572)	covered-by-860f6aa2b	Merge wrapper; local equivalent is recorded at 860f6aa2b.	Source audit	unverified		旧标签仅供定位；需对照当前源码及官方diff
f4f7ba09d7b933c4de86df489b2a2d33e680f7d8	commit	Fill projectile teammask once per tick	covered-equivalent	Local server tick path already caches projectile team masks once per tick.	Source audit	unverified		旧标签仅供定位；需对照当前源码及官方diff
cee0914d62233a94c33156e84313c3a678805632	commit	Don't return stale chunks from already-disconnected peers	covered-equivalent	Current local 5373d7486 and follow-up 6c0126f99 reset/guard pending chunks for offline peers.	Source audit	unverified		旧标签仅供定位；需对照当前源码及官方diff
d8ec091e8fc0f9d6923567d3426a2631fc67cec2	merge	Fill projectile teammask once per tick (#12600)	covered-by-f4f7ba09	Merge wrapper covered by local projectile team-mask caching.	No separate cherry-pick	unverified		旧标签仅供定位；需对照当前源码及官方diff
b943a87114b50fa1ed8ba5ace9b64cfde1afd46d	merge	Don't return stale chunks from already-disconnected peers (#12601)	covered-by-cee0914d6	Merge wrapper covered by local equivalent.	No separate cherry-pick	unverified		旧标签仅供定位；需对照当前源码及官方diff
5cd3754982cb9cd60bf3a6feb008766bc80fb882	commit	Allow passing `all` as argument to `kick`	covered-equivalent	Local e44c70b62 uses victim parsing and supports kick all.	Source audit	unverified		旧标签仅供定位；需对照当前源码及官方diff
a91bf68a34ecd5af4ef3f4161fe3d3a615237915	commit	Change default to 128 players in autoexec_server.cfg	covered-equivalent	`data/autoexec_server.cfg` already defaults `sv_max_clients 128`; reachable local commit `54ec87f53`.	Source audit	unverified		旧标签仅供定位；需对照当前源码及官方diff
5dd7366484e53e09c0e5949b937971a5ce984563	commit	server: Support clients based on old DDNet	covered-equivalent	Local 128-player baseline includes old-DDNet compatibility (`01bbf415e`) and subsequent mapping/timeout repairs; retain mixed 0.6/0.7/128 runtime validation gap.	Source audit; mixed-session runtime pending	unverified		旧标签仅供定位；需对照当前源码及官方diff
7879324b87b52073950dc240122fe8640ddb6159	merge	Allow passing `all` as argument to `kick` (#12602)	covered-by-5cd375498	Merge wrapper covered by local equivalent.	No separate cherry-pick	unverified		旧标签仅供定位；需对照当前源码及官方diff
51b63860a0a45809bbfc56c8d38a3d75da0bae95	commit	server: Build each player's CNetObj_ClientInfo only when it changes	covered-equivalent	Current CPlayer caches CNetObj_ClientInfo and CGameContext invalidates it through OnClientInfoChange; local 54ec87f53 retains the behavior.	Source and history audit	unverified		旧标签仅供定位；需对照当前源码及官方diff
adac08c6c4c32a849cae4ae64b5e82f7219ad38d	commit	shared: Inline CVariableInt::Pack	covered-equivalent	`CVariableInt::Pack` is already inline in `compression.h`; `compression.cpp` no longer owns the definition. Reachable local commit `54ec87f53`.	Source audit	unverified		旧标签仅供定位；需对照当前源码及官方diff
09acd3bf6d6a11dddafdc9717c9c8ce65b7b7f92	commit	server: Ask which dragger beam uses the dragger id when snapping	covered-equivalent	Current DraggerBeamUsingDraggerId eliminates the per-snapshot MAX_CLIENTS scan; local 54ec87f53 retains the behavior.	Source and history audit	unverified		旧标签仅供定位；需对照当前源码及官方diff
cd9a8cda95ee15191ca711875671548c197a85f3	merge	server: Support clients based on old DDNet (#12580)	covered-equivalent	Merge wrapper; underlying old-DDNet support is covered by the existing 128-player baseline, pending mixed-session runtime validation.	No separate cherry-pick	unverified		旧标签仅供定位；需对照当前源码及官方diff
762732489372a5ec376f7c2fc47cd03919f98c43	commit	Fix ineffective alpha-based visibility check for quad layers	covered-equivalent	Current HEAD contains the same alpha-positive check via reachable `4d4bc50f5`, with local follow-up `fad6610c1`.	Source history and current-source audit	unverified		旧标签仅供定位；需对照当前源码及官方diff
05ab16f91ac4c7e7b6016b2450bce80d1e719809	commit	Fix debug graphs not showing negative maximum value correctly	covered-equivalent	Current HEAD contains upstream-equivalent `2cf799930`; max initialization uses `numeric_limits<float>::lowest()`.	Source history and current-source audit	unverified		旧标签仅供定位；需对照当前源码及官方diff
945456bd1d071e0853a56946afa8cfbb60aa2998	commit	Fix incorrect quad clipping with negative offsets	covered-equivalent	Current HEAD contains upstream-equivalent `79ef57d15`; clipping maxima use `numeric_limits<float>::lowest()`.	Source history and current-source audit	unverified		旧标签仅供定位；需对照当前源码及官方diff
59fd7d47409ed7d2926d11c39be390a9a937faf4	merge	Fix ineffective alpha-based visibility check for quad layers (#12604)	covered-by-4d4bc50f5	Merge wrapper; the underlying fix and local follow-up are reachable from HEAD.	No separate cherry-pick	unverified		旧标签仅供定位；需对照当前源码及官方diff
9422d4a0c9828ccb21bcbf4679ba747548b6eff6	merge	Fix debug graphs not showing negative maximum value correctly, fix incorrect quad clipping with negative offsets  (#12605)	covered-by-upstream-equivalents	Merge wrapper; both underlying fixes are already reachable from HEAD.	No separate cherry-pick	unverified		旧标签仅供定位；需对照当前源码及官方diff
6fa9e4c7ab383d424a7246fec4da7decaa4fa5ab	commit	cleanup visibility check for ungrouped quads	covered-equivalent	Reachable local follow-up `fad6610c1` applies the same cleanup after the alpha visibility correction.	Source history and current-source audit	unverified		旧标签仅供定位；需对照当前源码及官方diff
27284513f02367a8e7faea072e7ad202d641802b	merge	Cleanup: Move visibility check for ungrouped quads (#12606)	covered-by-fad6610c1	Merge wrapper; the cleanup is covered by reachable local follow-up.	No separate cherry-pick	unverified		旧标签仅供定位；需对照当前源码及官方diff
48b12022525d653e8e09d0c52756386c8d9fc479	commit	server: Limit clients for old 64 player backcompat.	covered-equivalent	Current CacheServerInfo already limits legacy protocol client counts and packet entries.	Source audit	unverified		旧标签仅供定位；需对照当前源码及官方diff
75f1ccc48fc6960fbe213c21725869e0c770b890	commit	server: Bound the work unauthenticated packets can cost	adapted-local	152d2029e adapts the batch around local KCP and FakeNet receive paths.	Historical full C++ test recorded; revalidated in the current P1 batch.	unverified		旧标签仅供定位；需对照当前源码及官方diff
212d08cfed05bff165b6359dadba47700647ca2e	commit	server: Fix sv_connlimit not applying under a flood	adapted-local	152d2029e expands connlimit tracking to 256 LRU entries.	Historical full C++ test recorded; revalidated in the current P1 batch.	unverified		旧标签仅供定位；需对照当前源码及官方diff
59784659d370ee397922cdab79c01efbce32ad62	commit	Fix 0.1s/0.5s skip durations not shown for demos shorter than 1s	covered-equivalent	Local d7b8cea34 covers short-demo skip duration labels.	Source audit	unverified		旧标签仅供定位；需对照当前源码及官方diff
d429ac72099a0bfe2e43db95e50669a4df7b9bcc	commit	Fix invalid demo skip duration index with short demos	covered-equivalent	Local d429ac720 already fixes invalid skip duration index.	Source audit	unverified		旧标签仅供定位；需对照当前源码及官方diff
297a2a4868cc9b5e48f31104a754ebd8137b0995	merge	Fix 0.1s/0.5s skip durations not shown for demos shorter than 1s, fix invalid demo skip duration index with short demos (#12586)	covered-by-d429ac720	Merge wrapper covered by local short-demo fixes.	No separate cherry-pick	unverified		旧标签仅供定位；需对照当前源码及官方diff
0d2d717c828c9e8a85dbcde589060b2e7d0882f0	commit	client: Fix text alignment in credits settings page	covered-equivalent	QmClient Contributors UI already provides the relevant layout; upstream alignment only applies to its standalone page, which is intentionally not adopted.	Source audit	unverified		旧标签仅供定位；需对照当前源码及官方diff
20713ba92f01ce25254890eff7c8f3173be1549a	commit	client: Fix vanilla tuning comparison	covered-equivalent	Current `gameclient.cpp` already sets `VanillaTuning.m_LaserBounceNum = 1`; reachable local tuning comparison fix.	Source audit	unverified		旧标签仅供定位；需对照当前源码及官方diff
50b4dfa02f790f5cfad7267fb6885f324e002de0	commit	Fix UB when typing slash in editor save filename input	covered-equivalent	5bb8c21e6 is an explicit cherry-pick of this commit.	Source reviewed; no duplicate cherry-pick.	unverified		旧标签仅供定位；需对照当前源码及官方diff
7931f6d0f5892d7b19ea3dd69c0f46a859de9cbf	merge	client: Fix text alignment in credits settings page (#12612)	covered-by-0d2d717c	Merge wrapper; standalone upstream alignment is intentionally covered by the existing Qm Contributors UI.	No separate cherry-pick	unverified		旧标签仅供定位；需对照当前源码及官方diff
48b3aea803e0093f567b7bee5854807923f7e937	commit	server: Rate limit unauthenticated work per second	adapted-local	152d2029e uses wall-clock second budgets for pre-connection decompression and ban replies.	Historical full C++ test recorded; revalidated in the current P1 batch.	unverified		旧标签仅供定位；需对照当前源码及官方diff
e32ca00b6f4f0cc994e9b24099ce7a57bfa88853	commit	server: Receive packets even when the socket has none pending	covered-equivalent	Local 152d2029e adapts unconditional PumpNetwork receive to the QmClient KCP/FakeNet path while retaining the upstream drain semantics; HEAD contains this local batch.	Source audit	unverified		旧标签仅供定位；需对照当前源码及官方diff
dd35e93d3714bd2906a48a7e141ec3b4ca3358f9	commit	server: Don't allow sv_connlimit 0	adapted-local	152d2029e raises sv_connlimit minimum to one.	Historical full C++ test recorded; revalidated in the current P1 batch.	unverified		旧标签仅供定位；需对照当前源码及官方diff
3db8f36be7734e28a0306ec638db5a08227d8d25	merge	client: Fix vanilla tuning comparison (#12608)	covered-by-20713ba9	Merge wrapper; current vanilla tuning comparison is already covered locally.	No separate cherry-pick	unverified		旧标签仅供定位；需对照当前源码及官方diff
6f47c5b00a0c90fd702104e52038fa036955e713	merge	Fix UB when typing slash in editor save filename input (#12616)	covered-by-5bb8c21e6	Merge wrapper; `5bb8c21e6` explicitly cherry-picks the underlying UB correction.	No separate cherry-pick	unverified		旧标签仅供定位；需对照当前源码及官方diff
d2b7841394a4094cffecd1832e5e87e11b8d3c8d	commit	macOS: Improve DDNet-Server	adapted-local	Copy `data/autoexec_server.cfg` into Server.app resources; use white monospaced output on black server console background.	game-server-launcher, game-client, 2891 C++ tests, Rust tests, quick gate pass	unverified		旧标签仅供定位；需对照当前源码及官方diff
7cf4372dad3d499a00c015ebd78644ca388a2192	commit	Fix double free of Windows command line in `map_replace_area` tool	covered-equivalent	Current HEAD contains upstream-equivalent `d1290f517`; command-line storage remains valid until process exit.	Source history and current-source audit	unverified		旧标签仅供定位；需对照当前源码及官方diff
19e7d08a96cecbd4a36e8f269ef6c78fbee53204	commit	Fix Easter season detection not including Holy Saturday	covered-equivalent	Current HEAD contains upstream-equivalent `873a6394e`; each day offset is based on the original timestamp.	Source history and current-source audit	unverified		旧标签仅供定位；需对照当前源码及官方diff
1f5095abe6e9ee1108be86662a81b2d8f975ea39	commit	Fix assertion printing address instead of time value	covered-equivalent	5e022ee92 applies the dereferenced time value and adds a DST correction.	Source reviewed; no duplicate cherry-pick.	unverified		旧标签仅供定位；需对照当前源码及官方diff
1a9d8e7157904751117c62b16d8cc0cb8e35fa25	merge	Fix Easter season detection not including Holy Saturday (#12620)	covered-by-873a6394e	Merge wrapper; the underlying Easter correction is reachable from HEAD.	No separate cherry-pick	unverified		旧标签仅供定位；需对照当前源码及官方diff
3ffc300b4729a7eadb9b44952be967b191be1397	merge	Fix assertion printing address instead of time value (#12621)	covered-by-5e022ee92	Merge wrapper; local `5e022ee92` covers the dereferenced time value and DST correction.	No separate cherry-pick	unverified		旧标签仅供定位；需对照当前源码及官方diff
3977cdf82ec1dece8bde1a2fd83f31a8df874b9c	merge	Fix double free of Windows command line in `map_replace_area` tool (#12619)	covered-by-d1290f517	Merge wrapper; the underlying lifetime correction is reachable from HEAD.	No separate cherry-pick	unverified		旧标签仅供定位；需对照当前源码及官方diff
6f764e4f1137ed30b184ff8988824ef33d4b5dc5	commit	Fix OpenGL shader location not bound for textured tile program	covered-equivalent	Current backend binds attributes on m_pTileProgramTextured, fixing the same target-object mismatch.	Source audit	verified-code-equivalent	backend_opengl.cpp:1971-1974，两个 glBindAttribLocation 均使用 m_pTileProgramTextured，再 LinkProgram；与官方实际修复一致。	仅确认当前源码覆盖该官方diff；未执行OpenGL驱动运行时验收
98f0064af0b2f03b95c3b3c4fcbcfeebe7156ef2	commit	Fix OpenGL shader programs leaked on shutdown, cleanup context too	covered-equivalent	Shutdown cleanup is already present in the local OpenGL backend; source audit found no missing path.	Static source audit; no duplicate cherry-pick.	verified-code-equivalent	backend_opengl.cpp:2063 起，六个 shader DeleteProgram/对象释放、纹理 DestroyTexture、buffer glDeleteBuffers/free 均存在；删除 shader 受 m_HasShaders 保护，六指针 Init 置空。	仅确认当前源码覆盖该官方diff；未执行OpenGL驱动运行时验收
c9a9931f8aee0032df190f51f33bd35c8ddedaff	commit	Fix OOB read/write on unexpected shader log message	covered-equivalent	4c0d1c491 adds Log.size() guards in both shader log paths.	Source reviewed; no duplicate cherry-pick.	verified-code-equivalent	opengl_sl.cpp:140 与 opengl_sl_program.cpp:74 均在 Log.size()>=2 后访问 size-2；外层 LogLength>0 保护 front()。	仅确认当前源码覆盖该官方diff；未执行OpenGL驱动运行时验收
33fbdc853c56db45ad6f7e3c0c154b9000e1e6b9	commit	Fix OOB reads/writes in GLSL shader compiler	covered-equivalent	4c0d1c491 bounds tokens and replaces unsafe lookahead parsing.	Source reviewed; no duplicate cherry-pick.	verified-code-equivalent	glsl_shader_compiler.cpp:54/167 两处 token 循环均限制 sizeof(aTmpStr)-1；layout/in/out 查找使用 str_startswith，无旧版 pBuff+2 越界前瞻。	仅确认当前源码覆盖该官方diff；未执行OpenGL驱动运行时验收
7c366145d1721c5b82c12d8fffc55233a76c02c2	commit	Fix incorrect texture resampling with Vulkan and OpenGL 3.3	covered-equivalent	Current OpenGL3/Vulkan paths already pass original dimensions to ResizeImage.	Static source audit; no duplicate cherry-pick.	unverified		旧标签仅供定位；需对照当前源码及官方diff
f8cd61af8476fe70513a051ef06d18fb76c82c1b	commit	Fail Vulkan `CreateDescriptorPools` if any pool allocation failed	covered-equivalent	Current CreateDescriptorPools fails on the first allocation failure.	Static source audit; no duplicate cherry-pick.	unverified		旧标签仅供定位；需对照当前源码及官方diff
65d5275d0982f165a6a98b9a61890e71376b0d6c	commit	Remove duplicate `SetTextureReplaceType` calls	covered-equivalent	Current shader initialization avoids duplicate texture replacement calls.	Source audit	unverified		旧标签仅供定位；需对照当前源码及官方diff
c63b1b9440324d69df9330e9e4bd2e08ba4ae134	commit	Use `std::size` instead of hard-coding size	covered-equivalent	Current DetachAllShaders uses std::size(aShaders) for GL array capacity.	Source audit	unverified		旧标签仅供定位；需对照当前源码及官方diff
abfe01656cbd3d6af1c871196df86dbe764a2ceb	commit	"client: Fix ""Show own name plate"""	covered-equivalent	Current `CNamePlates::OnRender` derives `RenderNames` from `ClNamePlates || ClNamePlatesOwn`; local nameplate rendering has broader Qm-specific gates.	Source audit	unverified		旧标签仅供定位；需对照当前源码及官方diff
821d5ae4b4711bf8158276dc07c27c140f48cac1	commit	console: Fix validating quoted victim arguments	adapted-local	Unified quoted/unquoted victim validation; empty quoted victims now return PARSEARGS_MISSING_VALUE without calling SetVictim. QmClient retains its single-victim API instead of upstream's later multi-victim refactor.	game-client; C++ 2924/2924; quick gate blocked by unrelated src/test/net_test.cpp:45 format drift	unverified		旧标签仅供定位；需对照当前源码及官方diff
40d807be0333eabee9b482d311b327e4ee5bec7e	commit	"server: Don't crash on ""add_map_votes <dir>"" without slash"	covered-equivalent	Local fa55be948 handles fs_parent_dir failure by resetting the directory to root instead of asserting; current code matches the upstream safety intent.	Source audit	unverified		旧标签仅供定位；需对照当前源码及官方diff
8fb321d0a1daf64c51251765b88cb3aed10cb2a8	commit	network: fix handling of extended types in snapshots	not-applicable	QmClient uses the Rust CSnapshotBuilder; the upstream C++ NewItemRaw implementation is not present. Rust type_id_from_i32 resolves UUID types before size checks.	Source audit; no C++ cherry-pick.	unverified		旧标签仅供定位；需对照当前源码及官方diff
eb81209f4c2d12d0ba1e2af0eb676b2a8f2c1be5	commit	physics: check dragger range earlier	covered-equivalent	Local e4aa468a1 orders the cheap range/alive checks before collision tracing in prediction and server beam ticks; collision/physics result is unchanged.	Source audit	unverified		旧标签仅供定位；需对照当前源码及官方diff
25dc1ab1490541902c31e462d9c14bba35862e4d	commit	Speed up integration test by disabling --track-origins in valgrind	adapted-local	Removed --track-origins=yes; memcheck detection remains, origin stacks are intentionally not collected.	Python compile; Linux Valgrind integration pending	unverified		旧标签仅供定位；需对照当前源码及官方diff
a65e9772936fa7df9c09cbc6f0e5eb394ee0fa5c	commit	cmake: Forbid in-source builds	adapted-local	Current worktree uses the same source/build-directory guard with QmClient-specific remediation text.	Existing CMake configure and previous build evidence; no duplicate cherry-pick	unverified		旧标签仅供定位；需对照当前源码及官方diff
82fabe040c728674b083c5da7d85069d06f518fb	commit	server: Fix memory leak in `hot_reload`	covered-equivalent	Local 9e32d4886 deletes the previous saved tee before replacing it; current source contains the same ownership fix.	Source audit	unverified		旧标签仅供定位；需对照当前源码及官方diff
b3f3b85be68908a674f9fee4bf371f948bdc5dc7	merge	"client: Fix ""Show own name plate"" (#12622)"	covered-by-abfe01656	Merge wrapper; current QmClient nameplate gate covers own-nameplate-only rendering.	No separate cherry-pick	unverified		旧标签仅供定位；需对照当前源码及官方diff
46b3c10b489618965ae7b5c35e0dbfb6ac7560e0	merge	server: Fix memory leak in `hot_reload` (#12632)	covered-by-82fabe040	Merge wrapper covered by local hot_reload ownership fix.	No separate cherry-pick	unverified		旧标签仅供定位；需对照当前源码及官方diff
2a5a3fe6ac18a69a66dced418378faceb9a983e7	merge	"server: Don't crash on ""add_map_votes <dir>"" without slash (#12626)"	covered-by-40d807be0	Merge wrapper covered by local add_map_votes safety fix.	No separate cherry-pick	unverified		旧标签仅供定位；需对照当前源码及官方diff
ed2b08f5d944bf84c1309989187fa886cc8a70db	commit	server: Reset snapshots on timeout	covered-equivalent	Already present in QmClient commit 54ec87f53.	Source audit	unverified		旧标签仅供定位；需对照当前源码及官方diff
969e04167fc1986ea96d877a151ce19ac4c1530e	merge	cmake: Forbid in-source builds (#12630)	covered-by-a65e97729	Merge wrapper; local in-source guard is recorded at the underlying candidate.	No separate cherry-pick	unverified		旧标签仅供定位；需对照当前源码及官方diff
00e909d29109c9d23edc478b18f336848c59ba35	merge	server: check dragger range earlier (#12629)	covered-by-eb81209f4	Merge wrapper covered by local dragger range ordering.	No separate cherry-pick	unverified		旧标签仅供定位；需对照当前源码及官方diff
70021782db27b29f9267f27ee1ff3585b6ecca9b	merge	Various graphics and shader compiler fixes (#12634)	covered-by-upstream-equivalents	Merge wrapper; shader/compiler fixes are already covered by local equivalents.	No separate cherry-pick	unverified		旧标签仅供定位；需对照当前源码及官方diff
d62e5de553b4364da38bc075a78d0b33a10e214f	commit	Fix `CLaser`/`CPlasma` `m_Layer`/`m_Number` being uninitialized	covered-equivalent	Already present in QmClient history.	Source audit	unverified		旧标签仅供定位；需对照当前源码及官方diff
63c260989c180571f4957163330d6df1b2a83202	merge	network: fix handling of extended types in snapshots (#12628)	not-applicable	QmClient uses the Rust snapshot builder; upstream C++ implementation is not present.	No separate cherry-pick	unverified		旧标签仅供定位；需对照当前源码及官方diff
27ac6310ef143a28ffbcc928b154213fd116b296	commit	net: Fix timeout protection resending other clients' data	covered-equivalent	Already present in QmClient commit 54ec87f53.	Source audit	unverified		旧标签仅供定位；需对照当前源码及官方diff
6dc7aae6364c7ae908a3011f29c6c9c3f9a886b1	merge	Fix `CLaser`/`CPlasma` `m_Layer`/`m_Number` being uninitialized (#12636)	covered-by-d62e5de55	Merge wrapper; initialization is already present in QmClient history.	Source audit	unverified		旧标签仅供定位；需对照当前源码及官方diff
13ec5da02319575fce4cadab86b28f52dd401886	commit	editor: fix font typer newline column desyncing at layer borders	adapted-local	Current CFontTyper tracks m_LineStart and clamps right-boundary cursor.	Source audit; local combined adaptation in 152d2029e	unverified		旧标签仅供定位；需对照当前源码及官方diff
31a832e0124c65b9fddc96b5d6d2c030c9dbb18d	commit	ci: raise the smoke_test `the end` timeout to match its neighbours	deferred-policy	CI policy changes are deferred until the local runtime and release workflow is stabilized.	CI batch pending	unverified		旧标签仅供定位；需对照当前源码及官方diff
0e2f227eeeb3962d9a0ea1fb5b5a93788071fd4b	commit	editor: move the font typer line start left when typing before it	covered-equivalent	Current `CFontTyper::PlaceTile` updates `m_LineStart` before placing non-empty tiles; local editor sync history already contains the behavior.	Source audit	unverified		旧标签仅供定位；需对照当前源码及官方diff
ed6af41dc74221178f88999a75203e610c3e8c0d	merge	Fix ci smoke_test timeout again (#12640)	covered-by-31a832e	Merge wrapper; CI timeout remains deferred as policy.	No separate cherry-pick	unverified		旧标签仅供定位；需对照当前源码及官方diff
c226028a79d198cc42f8b08f171ecdf514bcb20a	merge	Bound the work unauthenticated packets can cost (#12609)	covered-by-75f1ccc4	Merge wrapper; local KCP/FakeNet adaptation is recorded on the underlying candidate.	No separate cherry-pick	unverified		旧标签仅供定位；需对照当前源码及官方diff
7b583179e6e739f8411669a7e584277c8d98cb76	merge	Optimize four quadratic hot paths for 128 player servers (#12589)	covered-equivalent	All four underlying optimizations are present in the local 128-player baseline; this wrapper adds no separate behavior.	Source and history audit	unverified		旧标签仅供定位；需对照当前源码及官方diff
6c0126f99f3c992011f91676f424def81812d7fb	commit	shared: Unpack packet chunks without rescanning the packet	adapted-local	Added m_CurrentOffset cursor while preserving QmClient vital-sequence accounting and malformed-header checks.	Full C++ tests 2913/2913; quick gate 11/11	unverified		旧标签仅供定位；需对照当前源码及官方diff
4318df0fc643c3b13d1ab150f7c266a95a1de73a	commit	shared: Rate limit answering resend requests	adapted-local	Added a coalesced resend-request flag and per-second response budget while preserving legacy/KCP connection handling.	Full C++ tests 2913/2913; quick gate 11/11	unverified		旧标签仅供定位；需对照当前源码及官方diff
8b5d3b7a87f42cbb7529c26a8bfd0ae961be3514	commit	server: Budget the replies sent to unverified addresses	adapted-local	Added per-second budgets for connless server-info replies and vanilla antispoof handshakes, preserving existing KCP/FakeNet receive budgets.	Full C++ tests 2913/2913; quick gate 11/11	unverified		旧标签仅供定位；需对照当前源码及官方diff
eb96fe0969b9502eae8db8b1932854f1110d32e1	commit	shared: Bound the chunk read from a pre-connection packet	adapted-local	Bound pre-connection chunk header/data lengths before unpacking vanilla antispoof input.	Full C++ tests 2913/2913; quick gate 11/11	unverified		旧标签仅供定位；需对照当前源码及官方diff
c4ba80c69b1d4f6e52ce3647fb741ee2711a94f3	commit	server: Bound the work one client can ask for per connection	adapted-local	Added per-client map-chunk and pre-input budgets; preserves KCP/FakeNet and existing sv_preinput behavior.	Full C++ tests 2913/2913; quick gate 11/11	unverified		旧标签仅供定位；需对照当前源码及官方diff
9526f5f6df5a68f75fd3009f8e189dc48fd71f5f	commit	server: Send vote options from a cursor	adapted-local	Added per-player last-option cursor; remove/clear/start paths reset the pointer.	Full C++ tests 2913/2913; quick gate 11/11	unverified		旧标签仅供定位；需对照当前源码及官方diff
345aee7411e67e3b2575a36f061d2b22a6aef483	merge	Fix editor font typer newline column desyncing at layer borders (#12639)	covered-by-13ec5da0	Merge wrapper; current cursor line-start adaptation covers the behavior.	No separate cherry-pick	unverified		旧标签仅供定位；需对照当前源码及官方diff
31d9a81eca454a57ed71528b32caa26e3accac8f	merge	net: Fix timeout protection resending other clients' data (#12638)	covered-equivalent	Current ResumeConnection rewrites the copied resend buffer data pointer; local timeout adaptation preserves this ownership fix.	Source and history audit	unverified		旧标签仅供定位；需对照当前源码及官方diff
a0b60b2e38de52591436c9b170d6c8ce6f8663fc	merge	server: Reset snapshots on timeout (#12623)	covered-equivalent	Current SetTimedOut purges snapshots and clears the acknowledged base before protocol state takeover.	Source and history audit	unverified		旧标签仅供定位；需对照当前源码及官方diff
8be49024bea7864ce107a87b13eb77ea3fb1665e	commit	Release ground hooks that lost their tile when loading a tee	covered-equivalent	Current save load retracts ground hooks when the saved hook position no longer lands on a solid tile; local 488e46ead retains the behavior.	Source and history audit	unverified		旧标签仅供定位；需对照当前源码及官方diff
7420bfed19298828882f20fde84b1e31099aaaea	merge	Release ground hooks that lost their tile when loading a tee (#12644)	covered-by-8be49024b	Merge wrapper; current source already includes the underlying hook release.	No separate cherry-pick	unverified		旧标签仅供定位；需对照当前源码及官方diff
d98e1e4ea3294b3bd10adb3b77cd9dfeebb73b02	commit	Increase server info size to handle 128 players with 0.7 skins	covered-equivalent	Current extended/sixup server-info packing and repacking already use the enlarged connless payload path.	Source audit	unverified		旧标签仅供定位；需对照当前源码及官方diff
7fa25fc164e6189a57ec54d51e577d0ff869b3e2	commit	fix font typer not allowing to delete from last column with backspace	adapted-local	Current PlaceTile/backspace path permits the right-boundary cursor and prevents out-of-layer writes.	Source audit	unverified		旧标签仅供定位；需对照当前源码及官方diff
b951b644950881cdda41d28cbe83289664910787	merge	Increase server info size to handle 128 players with 0.7 skins (#12645)	covered-by-d98e1e4ea	Merge wrapper; equivalent server-info capacity path is already present.	Source audit	unverified		旧标签仅供定位；需对照当前源码及官方diff
d7292e491c5ffeac399bc492e1e447a385e99d91	merge	Fix: font typer does not allow to delete from last column with backspace (#12646)	covered-by-7fa25fc1	Merge wrapper; right-boundary backspace behavior is already adapted locally.	No separate cherry-pick	unverified		旧标签仅供定位；需对照当前源码及官方diff
e8c2df1d58533c285e0347fe414a216503fa7e30	commit	add loading bar to map loading	adapted-local	Implemented in the local renderer path: count only layers participating in the selected render type, report completed/total work from CMapRenderer::Load, and keep the legacy RenderLoading wrapper for other callers.	game-client build; 2919/2919 C++ tests; map-load runtime smoke pending	unverified		旧标签仅供定位；需对照当前源码及官方diff
624f58e47781c4fee830a1a2b8892936b31f1e40	commit	Fix assertion crash when using virtual back button	covered-equivalent	Local 215c57812 resets the back-button operation on both Clicked and Abrupted paths while dispatching Escape only for a completed click.	Source audit	unverified		旧标签仅供定位；需对照当前源码及官方diff
fa37e6de2f5b348ab802d52eb34c38c34fbc2b02	commit	Avoid undefined behavior when rendering time	covered-equivalent	Local fa37e6de2 is present in history and bd1a55607 carries the same int64_t-before-absolute changes; current QmClient UI extensions retain the UB fix.	Source audit	unverified		旧标签仅供定位；需对照当前源码及官方diff
bc7b3225ac1be87e54d4e664e06a79dd09413978	commit	Fix UI clipping not considering position of intersection	adapted-local	Current CUi::ClipEnable computes width/height from Intersection origin.	Source audit	unverified		旧标签仅供定位；需对照当前源码及官方diff
6a624acc45ade2986ad7d4f707702894317d917d	merge	Feature: Add loading bar to map loading (#12415)	covered-by-e8c2df1d	Merge wrapper; implementation requires the local threaded renderer adaptation.	No separate cherry-pick	unverified		旧标签仅供定位；需对照当前源码及官方diff
4ce18d3ac3c73450c4dba537dcfde7ed99957631	merge	Fix various minor UI issues (#12650)	covered-equivalent	Current HUD/UI code already contains the corresponding clipping, integer-time and virtual back-button fixes.	Source audit	unverified		旧标签仅供定位；需对照当前源码及官方diff
2744c61dfa9262662313f488b397365b9cf482d6	merge	macOS: Improve DDNet-Server (#12618)	covered-by-d2b784139	Merge wrapper; Server.app resource and console adaptations are already implemented locally.	No separate cherry-pick	unverified		旧标签仅供定位；需对照当前源码及官方diff
bc2c2f930130945667dc3691634e125abd1b8d65	commit	map_convert_07: Fix use-after-free	merged-local	CImageInfo moved into the global replacement array; avoids retaining a pointer owned by a local.	cmake --build cmake-build-release --target map_convert_07 -j 14: pass; external-image end-to-end fixture and ASAN run pending	unverified		旧标签仅供定位；需对照当前源码及官方diff
a9c6d2efdf6ca2da9cef17a1768fb1f4f6b4013c	commit	network: Send min and max team size in game info	adapted-local	Local commit c181dfbd1 adds the generated min/max team fields and preserves old-object fallbacks; mixed-client runtime validation remains pending.	generate_protocol; game-client; 2916 C++ tests; quick gate blocked by unrelated src/test/net_test.cpp format drift	unverified		旧标签仅供定位；需对照当前源码及官方diff
6d5183fc39ef4c20abc354947b68a5dde842ab79	merge	map_convert_07: Fix use-after-free (#12654)	covered-by-bc2c2f930	Merge wrapper; the local CImageInfo ownership fix is already implemented.	No separate cherry-pick	unverified		旧标签仅供定位；需对照当前源码及官方diff
96d35b3f9488ae2c59e0c1dd5c90977b036f2ce0	commit	client: Fix using a new libpng version than built against	not-applicable-reverted	Reverted by 76444d664; its replacement is a23094c69.	Replaced by a23094c69 in this batch	unverified		旧标签仅供定位；需对照当前源码及官方diff
91eb6b94ab9e4764b7a2b3d2bd3bce41a99c2ab2	commit	server: Handle snapshot id pool being empty	merged-local	Guard optional translated IDs in destructor and weapon/hook snapshot paths; no 128-player主体重做。	game-client; C++ 2924/2924 including CharacterHandlesEmptySnapshotIdPool; quick gate blocked by unrelated src/test/net_test.cpp:45 format drift	unverified		旧标签仅供定位；需对照当前源码及官方diff
cc0fd64e555cd3d491ab20a640b2fe3d8dcb723e	merge	server: Handle snapshot id pool being empty (#12663)	covered-by-91eb6b94	PR merge wrapper.	See 91eb6b94	unverified		旧标签仅供定位；需对照当前源码及官方diff
a38ba7bd4de40425a9ea564dfbbc0fde609644a3	commit	Fix overflow on crazy tunings	adapted-local	Local CTuneParam rejects overflow and NaN as INT_MIN; initialization uses the same bounded float path.	C++ 2924/2924 including Tunings.OutOfRangeBecomesIntMin; quick gate blocked by unrelated src/test/net_test.cpp:45 format drift	unverified		旧标签仅供定位；需对照当前源码及官方diff
fd09340ef9fd05e683afe0774ed4e15cc86fce1f	merge	client: Fix using a new libpng version than built against (#12661)	not-applicable-reverted	PR merge wrapper for 96d35b3f, later reverted.	Replaced by a23094c69	unverified		旧标签仅供定位；需对照当前源码及官方diff
9fc3cd63babe2d44c5d1847a378412190b91bc38	merge	Fix overflow on crazy tunings (#12664)	covered-by-a38ba7bd	PR merge wrapper.	See a38ba7bd	unverified		旧标签仅供定位；需对照当前源码及官方diff
d3810ba518927c669f1150ff362b69173c069dc2	commit	net: Fix setting tos on ipv6/ipv4	deferred-policy	QmClient retains existing LOWDELAY TOS; upstream changes DSCP EF policy and is not behavior-neutral. Requires explicit QoS policy decision before merge.	Source audit	unverified		旧标签仅供定位；需对照当前源码及官方diff
b03cf5b053ddbcb080c7eb3f137c6c127945bc38	merge	Predict static laser doors without antiping (#12502)	covered-by-ac566d06f	Merge wrapper is covered by local commit 3f6d2b1e4.	Game-client build and 2901/2901 C++ tests pass; map smoke pending	unverified		旧标签仅供定位；需对照当前源码及官方diff
0b108953f712ca26243763d7d3279c96b338e844	commit	macOS: Fix build with xcode	covered-equivalent	The iOS/platform adaptation already carries the same multi-module pkg-config hint cleanup; no standalone cherry-pick is needed.	CMake source audit; Xcode configure/build evidence recorded with the local iOS/platform batch	unverified		旧标签仅供定位；需对照当前源码及官方diff
5d449febc3b04d859386808cae8aef9ba2697476	commit	server: Fix team ranks of large teams being cut off	adapted-local	Rank messages stay below the 256-byte chat limit while retaining the true SQL team count in the summary; independent of the existing 128-player baseline.	game-client build; 2909/2909 C++ tests; quick gate 11/11 pass	unverified		旧标签仅供定位；需对照当前源码及官方diff
c1a83f17e0be4e924b1280bab2c327a38dc48a82	commit	server: Fail saving teams instead of corrupting savegame	adapted-local	Rejects oversized serialized teams instead of writing truncated savegames; preserves QmClient Chinese messages and save paths.	Local commit 43e40188d; full C++ tests 2905/2905 pass	unverified		旧标签仅供定位；需对照当前源码及官方diff
f817a14fc638bf1dbaf21d49c25a97966d93b06b	commit	Support vanilla 0.6 clients again	covered-equivalent	Existing 128-player baseline covers legacy mapping and old-client paths; audit any residual upstream delta and run mixed 0.6/0.7/128 validation.	Source audit; mixed-session runtime pending	unverified		旧标签仅供定位；需对照当前源码及官方diff
aefb9b0f19826e90d7c7c11da62a3aca9d1ad656	commit	Replace version checks with function for player mapping	covered-equivalent	Current source has version-gated mapping and 128-client translation bypass; exact helper shape differs, so retain residual source audit and mixed-session validation.	Source audit; mixed-session runtime pending	unverified		旧标签仅供定位；需对照当前源码及官方diff
60d9886cf719ef7627875d017d4283492ea11ea7	commit	Add pause logic for vanilla client	covered-equivalent	Existing FakeSnap/pause path is gated for pre-128 clients; verify behavior in a mixed legacy session rather than reimplementing the 128-player baseline.	Source audit; mixed-session runtime pending	unverified		旧标签仅供定位；需对照当前源码及官方diff
1a1e165e7f7e470195c538e0c77c5c34d7e28e22	commit	Send snapshots early, disable playermapping if client supports all slots	covered-equivalent	Clients at VERSION_DDNET_128_PLAYERS already bypass legacy mapping; timeout/map lifecycle remains a runtime verification gap.	Source audit; mixed-session runtime pending	unverified		旧标签仅供定位；需对照当前源码及官方diff
31a6120f484ec7510ac1f997d9f3d6bf0c271462	commit	Make sure to initialize playermap correctly at all times	covered-equivalent	Current timeout path explicitly reinitializes player maps before reinsertion; retain mixed-session/timeout reconnect validation.	Source audit; mixed-session runtime pending	unverified		旧标签仅供定位；需对照当前源码及官方diff
752b09ca46e00183f17cf1313c9260aa34a106a7	commit	Improve mod compatibility for team gamemodes, added comments (closes #12659)	covered-equivalent	Existing legacy team projection and FakeSnap support the 128-player baseline; exact upstream follow-up differences require audit, not a new P4 implementation batch.	Source audit; mixed-session runtime pending	unverified		旧标签仅供定位；需对照当前源码及官方diff
bc927c2a64e5e388477cc7cce245ff44533f1517	commit	Adjust team scoreboard for 128 players	covered-equivalent	Current Qm scoreboard row-plan iterates MAX_CLIENTS and uses a three-column layout above 64 players; retain 128-player UI smoke gap.	Source audit; 128-player UI runtime pending	unverified		旧标签仅供定位；需对照当前源码及官方diff
ef3ac05f66125be21ed3d65398c085dc61244cdf	commit	Less conservative rate limit for SeeOthers by vote	exact-patch-equivalent		Current player mapping retains the one-second vote timestamp limiter; local b04698704 contains the adapted behavior.	unverified		旧标签仅供定位；需对照当前源码及官方diff
fa457bd213cc02bb7dd62250ebbc87cc5add5396	commit	Rename misleading parameter name	not-applicable	Cosmetic parameter rename only; no behavior or compatibility impact for this sync batch.	Source audit	unverified		旧标签仅供定位；需对照当前源码及官方diff
2b36f918952f285df58691b40a25bbc4738a19c7	merge	net: Fix setting tos on ipv6/ipv4 (#12668)	covered-by-d3810ba51	Merge wrapper inherits the explicit DSCP/QoS policy deferral.	Policy decision pending	unverified		旧标签仅供定位；需对照当前源码及官方diff
9dfb79945f30d883a94c49f1523d4b0d3e513c8e	merge	Support vanilla 0.6 clients again and several fixes (follow up 128p) (#12603)	covered-equivalent	Merge wrapper; core 128-player/old-client behavior is already present, with mixed-session runtime validation outstanding.	No separate cherry-pick	unverified		旧标签仅供定位；需对照当前源码及官方diff
4e7c31935da747afbc7774eb22097a36b88a2ce9	merge	network: Send min and max team size in game info (#12607)	covered-by-c181dfbd1	Merge wrapper covered by the local GameInfoEx schema adaptation; mixed-client runtime validation remains pending.	No separate cherry-pick	unverified		旧标签仅供定位；需对照当前源码及官方diff
2612f425f2a90667f3de75e7afdcb6dd45439712	commit	Send supported num teams through gameinfoex	adapted-local	Local commit c181dfbd1 replaces the legacy capability bit with m_NumDDRaceTeams and dynamic TeamSuper semantics; mixed-client runtime validation remains pending.	generate_protocol; game-client; 2916 C++ tests; quick gate blocked by unrelated src/test/net_test.cpp format drift	unverified		旧标签仅供定位；需对照当前源码及官方diff
f9dc80244434bc24fc21f86a709c1a5729e27a6f	merge	Rename misleading parameter name (#12665)	covered-by-fa457bd2	Merge wrapper; cosmetic rename is intentionally not merged.	No separate cherry-pick	unverified		旧标签仅供定位；需对照当前源码及官方diff
a3f21cb336db5f0dd0259f401db12cc2421e5674	merge	Adjust team scoreboard for 128 players (#12670)	covered-equivalent	Merge wrapper; QmClient's existing MAX_CLIENTS row-plan and three-column 128-player layout cover the core intent; runtime UI smoke remains.	No separate cherry-pick	unverified		旧标签仅供定位；需对照当前源码及官方diff
28baa427bad88b7dd0b04eca370ab8c9daed9a7c	merge	Bound peer work (#12635)	covered-equivalent	Unauthenticated work and vote-send cursor adaptations are already recorded on the underlying candidates.	Source and history audit	unverified		旧标签仅供定位；需对照当前源码及官方diff
79184e82653f34a7322f2a9c28029641479f08f3	commit	Fix invisible laser with antiping and `sv_old_laser 1`	covered-equivalent	Current source retains the old-laser game-info flag and prediction fix through local 5cf962b99.	Source and history audit	unverified		旧标签仅供定位；需对照当前源码及官方diff
39c675977432ba9794f63fe854a212ccbb7747f4	commit	add more font typer binds	adapted-local	Font typer bindings and boundary handling are present through the local editor batch and subsequent QmClient adaptation; the upstream hash itself is not an ancestor.	Existing local history; source audit	unverified		旧标签仅供定位；需对照当前源码及官方diff
86955479e5f8f30ceb14a8cff92e144481f23ddc	commit	cmake: Don't link rust_engine_shared twice	covered-equivalent	Current CMake keeps rust_engine_shared in LIBS and removes duplicate client/server link entries.	Source audit	unverified		旧标签仅供定位；需对照当前源码及官方diff
8c73e5d6054af77789d3ac176da3f77cf474ce43	commit	server: Fix 128 player servers not showing up in Vanilla 0.7	adapted-local	CacheServerInfoSixup caps legacy counts, recounts represented clients, clamps max fields, and keeps serialized count aligned; this is part of the existing 128-player/network batch.	game-client, 2889 C++ tests, quick gate pass	unverified		旧标签仅供定位；需对照当前源码及官方diff
c5ad692163f17d4bf05b54e83c40ffc0e5e59c2a	commit	Dismiss MOTD by clicking outside of it, X for mod alerts	adapted-local	Local commit 311ab3555 adapts the mutable touch-state contract, MOTD outside-touch dismissal and important-alert touch dismissal while preserving existing keyboard text.	game-client; 2919/2919 C++ tests; Rust tests; default gate only unrelated net_test.cpp format failure	unverified		旧标签仅供定位；需对照当前源码及官方diff
a9ea04925e3d3625c4167b67750d0a138a89a9f6	commit	client: Fix client freeze on 'reload'	covered-by-311ab3555	Dummy connections now process SV_READYTOENTER and call EnterGame after reload; the local adaptation landed together with the iOS touch-state commit.	Source audit; included in local commit 311ab3555	unverified		旧标签仅供定位；需对照当前源码及官方diff
d63dd71a9c16c4e15b2485e5616909ad2d9283fc	merge	cmake: Don't link rust_engine_shared twice (#12677)	covered-by-86955479e	Merge wrapper; duplicate link entries already removed in current CMake.	No separate cherry-pick	unverified		旧标签仅供定位；需对照当前源码及官方diff
f1a81aea33b16487029b7302d38ebfb8df51de64	merge	Feature: Add more editor font typer binds and other improvements (#12648)	covered-by-39c675977	Merge wrapper; font typer binds are already in local history.	No separate cherry-pick	unverified		旧标签仅供定位；需对照当前源码及官方diff
a8d5e0c7d173e0247c67ee8cd4fd7b1a4816e008	merge	Send supported num teams through gameinfoex (#12674)	covered-by-c181dfbd1	Merge wrapper covered by the local GameInfoEx schema adaptation; mixed-client runtime validation remains pending.	No separate cherry-pick	unverified		旧标签仅供定位；需对照当前源码及官方diff
c019af14b64ba53c8ede670bd8196de050f532ea	commit	Split long server cap flags line	not-applicable	Formatting-only change; no functional or compatibility impact.	Source audit	unverified		旧标签仅供定位；需对照当前源码及官方diff
5f65c7801553dec4ef869be4591f6f9142f86234	merge	console: Fix validating quoted victim arguments (#12625)	covered-by-821d5ae4	Merge wrapper; local quoted-victim validation adaptation is already implemented.	No separate cherry-pick	unverified		旧标签仅供定位；需对照当前源码及官方diff
5ca808242633e0c936349ec684dceaf58908d5e4	commit	Mark failing `dbg_assert` as `[[unlikely]]`	adapted-local	Applied upstream C++20 branch hint to both assertion macros without changing assertion behavior.	game-client; C++ 2924/2924; quick gate blocked by unrelated src/test/net_test.cpp:45 format drift	unverified		旧标签仅供定位；需对照当前源码及官方diff
9a599f2503db56e67c02ab7f8b2146e4509d5bef	merge	Mark failing `dbg_assert` as `[[unlikely]]` (#12683)	covered-by-5ca808242	Merge wrapper; assertion branch already carries [[unlikely]].	No separate cherry-pick	unverified		旧标签仅供定位；需对照当前源码及官方diff
7131ad28ba08a9b7ad50fc2bc43dcac4124ca6f8	commit	Allow rejoining from any client	covered-equivalent	Current CNetServer accepts the rejoin control path before slot-specific dispatch; local ec4708fbd contains the adaptation.	Source and history audit; mixed-session runtime pending	unverified		旧标签仅供定位；需对照当前源码及官方diff
b67775e6bf2cf244ff4089da3afb6f1c5be3e5c5	merge	Dismiss MOTD by clicking outside of it, tap mod alert to dismiss (#12613)	covered-by-311ab3555	Merge wrapper covered by the local touch-contract adaptation.	No separate cherry-pick	unverified		旧标签仅供定位；需对照当前源码及官方diff
a01b524762a4eb4892aed5ed200a9637d73ae69d	merge	server: Fix team ranks of large teams being cut off & Fail saving teams instead of corrupting savegame (#12657)	adapted-local	Merge wrapper; rank messages and save integrity were adapted in separate focused local commits.	No separate cherry-pick	unverified		旧标签仅供定位；需对照当前源码及官方diff
14d7e17059a53c87f3107055ee3d96f194200288	merge	Split long server cap flags line (#12680)	covered-by-c019af14b	Merge wrapper; formatting-only candidate is intentionally not merged.	No separate cherry-pick	unverified		旧标签仅供定位；需对照当前源码及官方diff
f586be3e0d8f273ba448f183c0577a87d379f1b2	commit	server: Disallow actions with ids for authed people with old client	covered-equivalent	Current console checks client-id command capability against translated mappings; local afc02694b retains the upstream restriction.	Source and history audit	unverified		旧标签仅供定位；需对照当前源码及官方diff
936f2b7c186224673dcc63e51896f798739849b8	commit	client: Add iOS support	adapted-local	P3A/P3B adapt SDL/GLES bundle, platform entry, storage, lifecycle and EPIPE socket recreation to current owners.	2889 C++ tests and simulator compile/link/bundle pass; P3C simulator/device smoke pending.	unverified		旧标签仅供定位；需对照当前源码及官方diff
eeaf7615884de31f17751ccf24f17551e05daefa	commit	ci: smoke test of ios simulator builds	deferred-policy	Plan defers upstream workflow until local simulator build succeeds.	Not run	unverified		旧标签仅供定位；需对照当前源码及官方diff
51a2ea409a319142c1902b1e26e69c2ec874d9f1	merge	client: Finish adding iOS support by Pioooooo (#12669)	covered-by-936f2b7c1	PR merge wrapper; local runtime adaptation is recorded at 936f2b7c1, while CI remains deferred.	See 936f2b7c1; P3C simulator/device smoke and iOS CI pending.	unverified		旧标签仅供定位；需对照当前源码及官方diff
2805226e390125d138c697362cc3d4e423be2d8a	commit	Align the forced viewport to the top left with OpenGL	covered-equivalent	Current OpenGL scissor and readback paths include the forced-viewport origin; runtime iOS viewport smoke remains separate.	Source and history audit	unverified		旧标签仅供定位；需对照当前源码及官方diff
391b70c393c56881310c4a32c63d882868740363	commit	Map touch positions to the viewport	covered-equivalent	Current input maps normalized touch position and deltas through drawable-to-screen scaling; runtime iOS touch smoke remains separate.	Source and history audit	unverified		旧标签仅供定位；需对照当前源码及官方diff
0704628892dfba5bc3fb4de5ceb25bf4bb08e022	commit	Upgrade CI actions that use Node.js 20	deferred-policy	Workflow-only change; postpone until iOS and Web runtime batches stabilize.	CI batch pending	unverified		旧标签仅供定位；需对照当前源码及官方diff
250a3905490205c05bf9182ba6b9734e672603b6	merge	Fix touch and mouse position when the viewport is clamped to 5:4 (#12591)	adapted-local	Merge wrapper is not cherry-picked; its 5:4 touch/viewport behavior is adapted in the current worktree for QmClient drawable, OpenGL, Vulkan and input contracts.	Review, regression tests and independent local commit pending; iOS simulator/device smoke remains separate	unverified		旧标签仅供定位；需对照当前源码及官方diff
26d7ab270a7b99c4a126bb913c08035996d1b72f	merge	Upgrade CI actions that use Node.js 20 (#12699)	deferred-policy	Merge wrapper inherits the controlled CI upgrade policy.	CI batch pending	unverified		旧标签仅供定位；需对照当前源码及官方diff
8a526d030b2458b449a8292f3d9437eefe366200	merge	client: Fix client freeze on 'reload' (#12678)	covered-by-311ab3555	Merge wrapper; dummy ready-to-enter handling is included in the local iOS touch-state adaptation.	No separate cherry-pick	unverified		旧标签仅供定位；需对照当前源码及官方diff
76444d664718e56965039b3a7eb0f200bd8c842e	commit	"Revert ""client: Fix using a new libpng version than built against"""	covered-upstream-sequence	Upstream explicitly withdrew 96d35b3f.	Replacement a23094c69 merged	unverified		旧标签仅供定位；需对照当前源码及官方diff
a23094c6933efc31a40cbaf2e73b41eec5c69d82	commit	cmake: Find libpng header and library in the same installation	covered-equivalent	The local iOS/platform CMake adaptation keeps PNG header/library discovery under one prefix; the upstream hash itself is not an ancestor.	Xcode prefix configure and game-client build evidence	unverified		旧标签仅供定位；需对照当前源码及官方diff
c9f6343612ac2fc7a4cc8cb33233c19fc8bb46c8	merge	Speed up integration test by disabling --track-origins in valgrind (#12631)	covered-by-25dc1ab1	Merge wrapper; local integration-test flag change is already implemented.	No separate cherry-pick	unverified		旧标签仅供定位；需对照当前源码及官方diff
f8eb4ceabfa8d43ae011e23f8df7a6ecc9078ab8	merge	server: Fix 128 player servers not showing up in Vanilla 0.7 (#12599)	covered-by-8c73e5d60	Merge wrapper; local adaptation is recorded at 8c73e5d60.	game-client, 2888 C++ tests, quick gate pass	unverified		旧标签仅供定位；需对照当前源码及官方diff
bccfbb9a6922dbf4c17765dda562fd639d1a1a07	merge	server: Disallow actions with ids for authed people with old client (#12656)	covered-by-f586be3e0	Merge wrapper; current source already contains the underlying compatibility guard.	No separate cherry-pick	unverified		旧标签仅供定位；需对照当前源码及官方diff
e63f902790ef65c28ffc6f0db7498d726494b236	merge	macOS: Fix build with xcode (#12662)	covered-by-0b108953	PR merge wrapper.	See 0b108953	unverified		旧标签仅供定位；需对照当前源码及官方diff
a39ed183491fd517ea4aa27e912a91511fcaa57c	commit	Update the value of `SERVER_MAX_CLIENTS` in the settings export script	adapted-local	Applied to upstream and QmClient derived export scripts to avoid divergent output.	Python compile; direct parse_settings boundary returns 128 for both scripts; full export blocked by existing lambda parser limitation.	unverified		旧标签仅供定位；需对照当前源码及官方diff
e2e06949ea355fd01d27dd86fdda32802d447732	commit	Don't disable Rust tests in RelWithDebInfo builds	adapted-local	Rust tests are enabled for RelWithDebInfo and MinSizeRel while preserving the iOS exclusion and QmClient test target layout.	MinSizeRel Rust target build; full macOS build/tests pending	unverified		旧标签仅供定位；需对照当前源码及官方diff
199e5f1fa363ede49d4df9df944350295e3393ef	commit	Remove unused `DBG` variable in CMakeLists	not-applicable	QmClient still uses DBG for MSVC runtime selection in two active paths; the upstream cleanup is not transplanted.	Source audit	unverified		旧标签仅供定位；需对照当前源码及官方diff
c66a7f0533e6b9a7983bf9a3e34b8701b41c287f	commit	Add RelWithDebInfo and MinSizeRel to gitignore	adapted-local	Added generated configuration directory names without changing unrelated ignore rules; bundled in the local CMake/platform adaptation.	Source audit	unverified		旧标签仅供定位；需对照当前源码及官方diff
6652c1d76eb1e13ba7d03d0e46b6399c16245c2b	commit	Handle MinSizeRel builds better in CMakeLists	adapted-local	Added profile-specific Rust output paths, Cargo flags, imported locations and test dependency handling while retaining QmClient iOS/macOS branches.	RelWithDebInfo/MinSizeRel configure; MinSizeRel Rust target build	unverified		旧标签仅供定位；需对照当前源码及官方diff
72a28f968ad4af6e27005795d1e356376a0df678	commit	Add MinSizeRel Cargo profile	adapted-local	Added Cargo `minsizerel` profile inheriting release with size optimization; bundled in the local CMake/platform adaptation.	MinSizeRel Rust target build	unverified		旧标签仅供定位；需对照当前源码及官方diff
e58155fb8c46fa2dfc98b28db8fe0eeccd387d29	commit	Fix a crash in the editor brush picker	adapted-local	Use m_ShowPicker instead of transient KEY_SPACE state; GUI smoke remains.	game-client build; editor GUI smoke pending	unverified		旧标签仅供定位；需对照当前源码及官方diff
22e9a486d037e241f59df95e7989dd9be99d8f5f	merge	Fix a crash in the editor brush picker (#12715)	covered-by-e58155fb8	Merge wrapper; current layer_tiles.cpp already uses m_ShowPicker guard.	No separate cherry-pick	unverified		旧标签仅供定位；需对照当前源码及官方diff
5cfb6f5e3e449f3ae4b5fc3a254fa0103f343487	merge	Update the value of `SERVER_MAX_CLIENTS` in the settings export script (#12713)	covered-by-a39ed1834	Merge wrapper; both export scripts already use 128.	No separate cherry-pick	unverified		旧标签仅供定位；需对照当前源码及官方diff
4ad0decc0d875cf6c42567778e4a7662f3cf9b96	merge	Allow rejoining from any client (#12679)	covered-by-7131ad28b	Merge wrapper; current source already contains the underlying rejoin adaptation.	Mixed-session runtime pending	unverified		旧标签仅供定位；需对照当前源码及官方diff
1c063863e79bc6267dc8357c12719ec550ec48b2	commit	Allow id usage from more clients	covered-equivalent	Current capability checks use ClientSupportsServerMaxClients, retaining the later broader valid client set.	Source and history audit	unverified		旧标签仅供定位；需对照当前源码及官方diff
3e5d867732cdc22e253ed5e38bf26354998ab73f	merge	Allow id usage from more clients (#12716)	covered-by-1c063863e	Merge wrapper; current source already contains the underlying compatibility adjustment.	No separate cherry-pick	unverified		旧标签仅供定位；需对照当前源码及官方diff
b38e67d78b16e90a335b2a1da14c72cdc45814b1	merge	Add better support for MinSizeRel builds (#12714)	covered-by-6652c1d76	PR merge wrapper; the functional changes are recorded under the local adaptation of the component commits.	No separate cherry-pick	unverified		旧标签仅供定位；需对照当前源码及官方diff
0630181487b28c83e3607cf8d01b584f824bf2dd	commit	fix map sounds not being disabled if sound is disabled without restart	adapted-local	Shared sound-enable predicate now gates event/render paths and active voices stop on `snd_enable`/`snd_game` changes.	Full C++ tests 2913/2913; quick gate 11/11	unverified		旧标签仅供定位；需对照当前源码及官方diff
b1820fa9345f1c5ba8a8e241ad89c3804bffd9fe	merge	Fix: Map sounds not disabled if sound is disabled without restart (#12720)	covered-by-0630181487	Merge wrapper covered by local adaptation.	No separate cherry-pick	unverified		旧标签仅供定位；需对照当前源码及官方diff
e6a4e809a10293790d6d53edc75c015aa9582e8b	merge	Revert libpng version change, cmake: Find png header and library from same installation (#12710)	covered-by-a23094c69	Merge wrapper resolves to the local same-prefix header/library discovery adaptation.	CMake Xcode prefix configure pass	unverified		旧标签仅供定位；需对照当前源码及官方diff
c2cea3f306e3e9123c6aa98bad2829445ef67b53	commit	Fix envelope scale hotkey being enabled when dialog/popup is open	adapted-local	Requires DIALOG_NONE, no popup and no active CLineInput before S starts scaling.	game-client build; C++ full 2920/2920; source contract test; editor GUI smoke pending	unverified		旧标签仅供定位；需对照当前源码及官方diff
9931d2dc9e2bdaaa5b085c5f81d8300b366bb1c7	commit	Improve `net_addr_is_local` and `net_host_lookup_fallback`	adapted-local	IPv6 ULA/link-local and WebSocket address types are recognized; localhost fallback avoids parsing strings. Boundary tests added.	game-client; C++ full 2920/2920; netaddr boundary tests; quick gate has unrelated src/test/net_test.cpp format failure	unverified		旧标签仅供定位；需对照当前源码及官方diff
6ee158b1b68d7d2da515bdead8bd8ac3b3ef777a	merge	Optimize `net_addr_is_local` and `net_host_lookup_fallback` (#12726)	covered-by-9931d2dc9	Merge wrapper covered by local adaptation.	No separate cherry-pick	unverified		旧标签仅供定位；需对照当前源码及官方diff
d2a9a221f9df8335f7ec5e5d5dad66b5aa7219c1	merge	Fix envelope scale hotkey being enabled when dialog/popup is open (#12725)	covered-by-c2cea3f30	Merge wrapper; current editor guards the hotkey against dialog, popup and text-input focus.	Source audit	unverified		旧标签仅供定位；需对照当前源码及官方diff
3620ff369bca02e8c48ffca2e106c240a4255346	commit	Move multiview functions to `game/client/multiview.cpp`	not-applicable	Source organization only; current tree already uses the extracted module and no behavior patch is needed.	Source audit	unverified		旧标签仅供定位；需对照当前源码及官方diff
5c9640536735a77e1acc044b6ea822a779f89ed1	merge	Move multiview functions to `game/client/multiview.cpp` (#12737)	not-applicable	Merge wrapper for an already-present source reorganization.	No separate cherry-pick	unverified		旧标签仅供定位；需对照当前源码及官方diff
ceb86ada94ad07e47082646204ec31b88d634b88	commit	Do not abort HTTP requests in destructors	adapted-local	Local commit e8c873823 adds explicit server-browser Shutdown before HTTP/JobPool teardown, moves Abort out of request-owning destructors, clears skin request pointers, and serializes master chooser request startup against Shutdown.	game-client build; C++ 2924/2924; lifecycle contract tests; runtime HTTP shutdown smoke pending	unverified		旧标签仅供定位；需对照当前源码及官方diff
8e57ffcb43d1945abc3c1168194ca8174e70c3d0	commit	Fix `IHttpRequest::OnData` result not being checked with Emscripten	deferred-platform	当前仅有 curl HTTP 实现，缺少 http_emscripten.cpp/.h；不能套用桌面路径。待 Web/Emscripten 批次成组适配。	Platform-specific audit	unverified		旧标签仅供定位；需对照当前源码及官方diff
98ca8c95fcc8d7cf1bf7012c5c0cca14a67c5d16	commit	Check `MaxResponseSize` during `OnProgress` with Emscripten	deferred-platform	当前未编译 Emscripten backend；待 Web/Emscripten 批次成组适配。	Platform-specific audit	unverified		旧标签仅供定位；需对照当前源码及官方diff
a073f12ab81cf7914ec01afbddda3986cd98a060	commit	Only allow `https://` requests with Emscripten	deferred-platform	仅适用于 Emscripten fetch 安全策略，当前 QmClient 无该 backend。	Platform-specific audit	unverified		旧标签仅供定位；需对照当前源码及官方diff
b53c14c0532c475a91efd4b7959d6650a48f0a41	commit	Add `emscripten_fetch_unpack_response_headers` null check	deferred-platform	当前无 Emscripten response-header 解包路径。	Platform-specific audit	unverified		旧标签仅供定位；需对照当前源码及官方diff
b611680edc0e424ef735f68b4140fa157dcb0c59	commit	Only use transfer timeout instead of connect timeout for Emscripten	deferred-platform	仅适用于 Emscripten transfer timeout 语义，待 Web 目标恢复时适配。	Platform-specific audit	unverified		旧标签仅供定位；需对照当前源码及官方diff
021dfd5c02a10da855937e396d6014b6cf68cdcb	commit	Improve thread safety when aborting Emscripten HTTP requests	deferred-platform	当前无 Emscripten fetch abort 线程路径；待 Web/Emscripten 批次成组适配。	Platform-specific audit	unverified		旧标签仅供定位；需对照当前源码及官方diff
944ac7b28ef1a7bbc29943800893568d9eba5388	merge	Fix various issues of Emscripten HTTP implementation (#12739)	deferred-platform	Current tree has no Emscripten fetch backend; absorb this only as a complete Web platform batch.	Web/Emscripten batch pending	unverified		旧标签仅供定位；需对照当前源码及官方diff
03407db9e6cd1c1269b8f7cc2e30ce68d2562f46	commit	Fix skin metrics potentially not being reset before loading	adapted-local	Reset metrics before writing the current skin plan in PrepareSkinData, matching the local reused-output lifecycle.	Local commit fb5e04c01; 2919 C++ tests; default gate only unrelated net_test.cpp format failure	unverified		旧标签仅供定位；需对照当前源码及官方diff
045cce7561926308e5c4b99f563ee39e61f972a1	commit	Fix econ ban not actually dropping client if `ec_bantime` non-zero	adapted-local	Always drops the current ECON client after the third failed password; optional address ban remains controlled by ec_bantime.	Local commit fb5e04c01; 2919 C++ tests; TCP reconnect integration pending	unverified		旧标签仅供定位；需对照当前源码及官方diff
eb56d7e2bdd88c21c81485ce5f5902c002d35cc6	commit	client: Fix iOS App Store upload validation	covered-equivalent	The current iOS platform commit already carries the deployment-target and Info.plist validation fields; the upstream hash is not an ancestor.	Desktop game-client and C++ tests pass; iOS bundle/App Store validation pending	unverified		旧标签仅供定位；需对照当前源码及官方diff
4b72deffe656d008d6b80907d04fe6b005fd2134	merge	Fix skin metrics potentially not being reset before loading (#12741)	covered-by-03407db9e6	Upstream merge wrapper; local PrepareSkinData reset covers repeated cache/download preparation.	2919 C++ tests; default gate only unrelated net_test.cpp format failure	unverified		旧标签仅供定位；需对照当前源码及官方diff
b427813d2dbb9ba9462b1df6854bcfcd5b44f96b	merge	Fix econ ban not actually dropping client if `ec_bantime` non-zero (#12742)	covered-by-045cce7561	Upstream merge wrapper; local econ adaptation always drops after optional ban.	Source-contract test; TCP reconnect integration pending	unverified		旧标签仅供定位；需对照当前源码及官方diff
bde42affe17af97d84fa21152c51e4d6a3951153	commit	Comment where popup code is implemented in ui.h	missing-from-old-ledger			adapted-worktree	前置popup拆分完成，ui.h中文注释指向实际ui_popups.cpp；本地885行函数体逐字迁移	popup构建/C++2874/quick均通过；注释随后人工核对；未做弹窗实机操作
211a6b4e570a4dd88a45051919a5c185193ba503	merge	client: Fix iOS App Store upload validation (#12747)	covered-by-eb56d7e2	Merge wrapper covered by local iOS adaptation.	No separate cherry-pick	unverified		旧标签仅供定位；需对照当前源码及官方diff
b3bc9f18c8c4ccac08d7881b9d5aab63d58f2b0d	commit	Refactor graphics color setters	adapted-local	Replace CColorVertex/SetColorVertex with SetColor2/SetColor4, retain QmClient SetColor4Raw and migrate moving-tiles, graph, map and settings call sites.	game-client build and 2914/2914 C++ tests pass	unverified		旧标签仅供定位；需对照当前源码及官方diff
ba7a652d43b9d73e68bf6253d197dd24e8643af5	merge	Comment where popup code is implemented in ui.h (#12751)	not-applicable	Comment-only upstream change; no behavior or compatibility impact.	Source audit	adapted-worktree	前置popup拆分完成，ui.h中文注释指向实际ui_popups.cpp；本地885行函数体逐字迁移	popup构建/C++2874/quick均通过；注释随后人工核对；未做弹窗实机操作
1d507dad90812cd0873b151aac60ad7bff5127b6	merge	Refactor graphics color setters (#12752)	covered-by-b3bc9f18	Merge wrapper covered by local graphics API adaptation.	No separate cherry-pick	unverified		旧标签仅供定位；需对照当前源码及官方diff
